-- dev_seed_testorgs.sql
-- 10 test-doc orgs + 100 employees from generate_test_docs.py
-- Run AFTER dev_seed.sql
-- NEVER run against staging or production.

BEGIN;

-- ============================================================
-- TENANTS (10 test orgs)
-- ============================================================
INSERT INTO tenant (
  tenant_id, tenant_name, cin, domain, nik_type, kek_arn,
  primary_state, home_region, status, storage_quota_gb, self_upload_policy
) VALUES
  ('50000000-0000-0000-0001-000000000000',
   'TechNova Solutions Pvt Ltd', 'U72900KA2020PTC111001', 'technova.in',
   'PAN', 'arn:aws:kms:ap-south-1:123456789012:key/dev-testorg01-kek',
   'Karnataka', 'ap-south-2', 'ACTIVE', 50, 'ALLOWED_WITH_WARNING'),
  ('50000000-0000-0000-0002-000000000000',
   'Greenfield Infra Ltd', 'L45200MH2015PLC111002', 'greenfield.co.in',
   'PAN', 'arn:aws:kms:ap-south-1:123456789012:key/dev-testorg02-kek',
   'Maharashtra', 'ap-south-1', 'ACTIVE', 50, 'ALLOWED_WITH_WARNING'),
  ('50000000-0000-0000-0003-000000000000',
   'Bharat FinServ Pvt Ltd', 'U65920MH2012PTC111003', 'bharatfin.in',
   'PAN', 'arn:aws:kms:ap-south-1:123456789012:key/dev-testorg03-kek',
   'Maharashtra', 'ap-south-1', 'ACTIVE', 50, 'ALLOWED_WITH_WARNING'),
  ('50000000-0000-0000-0004-000000000000',
   'Sunrise Pharmaceuticals Ltd', 'L24210TG2001PLC111004', 'sunrisepharma.in',
   'PAN', 'arn:aws:kms:ap-south-1:123456789012:key/dev-testorg04-kek',
   'Telangana', 'ap-south-2', 'ACTIVE', 50, 'ALLOWED_WITH_WARNING'),
  ('50000000-0000-0000-0005-000000000000',
   'DigiSpark Technologies Pvt Ltd', 'U72900TN2018PTC111005', 'digispark.io',
   'PAN', 'arn:aws:kms:ap-south-1:123456789012:key/dev-testorg05-kek',
   'Tamil Nadu', 'ap-south-2', 'ACTIVE', 50, 'ALLOWED_WITH_WARNING'),
  ('50000000-0000-0000-0006-000000000000',
   'Indus Retail Chain Ltd', 'L52100DL2010PLC111006', 'indusretail.in',
   'PAN', 'arn:aws:kms:ap-south-1:123456789012:key/dev-testorg06-kek',
   'Delhi', 'ap-south-1', 'ACTIVE', 50, 'ALLOWED_WITH_WARNING'),
  ('50000000-0000-0000-0007-000000000000',
   'KaleidoMedia Pvt Ltd', 'U74140MH2016PTC111007', 'kaleidomedia.in',
   'PAN', 'arn:aws:kms:ap-south-1:123456789012:key/dev-testorg07-kek',
   'Maharashtra', 'ap-south-1', 'ACTIVE', 50, 'ALLOWED_WITH_WARNING'),
  ('50000000-0000-0000-0008-000000000000',
   'PrimeLogistics Solutions Ltd', 'L63090WB2008PLC111008', 'primelogix.in',
   'PAN', 'arn:aws:kms:ap-south-1:123456789012:key/dev-testorg08-kek',
   'West Bengal', 'ap-south-1', 'ACTIVE', 50, 'ALLOWED_WITH_WARNING'),
  ('50000000-0000-0000-0009-000000000000',
   'NovaCure Health Services Pvt Ltd', 'U85100KA2014PTC111009', 'novacure.in',
   'PAN', 'arn:aws:kms:ap-south-1:123456789012:key/dev-testorg09-kek',
   'Karnataka', 'ap-south-2', 'ACTIVE', 50, 'ALLOWED_WITH_WARNING'),
  ('50000000-0000-0000-0010-000000000000',
   'AgroTech India Pvt Ltd', 'U01100MH2019PTC111010', 'agrotech.in',
   'PAN', 'arn:aws:kms:ap-south-1:123456789012:key/dev-testorg10-kek',
   'Maharashtra', 'ap-south-1', 'ACTIVE', 50, 'ALLOWED_WITH_WARNING');

-- ============================================================
-- OA ADMINS (1 per org, totp_secret_enc=NULL → QR setup on first login)
-- ============================================================
INSERT INTO oa_user (
  oa_user_id, tenant_id, email, role,
  password_hash, temp_password_hash, force_reset, status
) VALUES
  ('60000000-0000-0000-0001-000000000001',
   '50000000-0000-0000-0001-000000000000', 'admin@technova.in', 'oa_admin',
   '$argon2id$v=19$m=65536,t=2,p=2$W4wHBmanAJFovL73EzczpQ$Fikf7ocsLRb3kkHAhvSW0t/xI5qX1b1Zz49r5ssvyzY',
   NULL, FALSE, 'ACTIVE'),
  ('60000000-0000-0000-0002-000000000001',
   '50000000-0000-0000-0002-000000000000', 'admin@greenfield.co.in', 'oa_admin',
   '$argon2id$v=19$m=65536,t=2,p=2$Vjt+Gaf8mzvIZSUjiNG+xA$yPbQirY5n+QvOBQE1fWGUq6nx9HRu7zJ+RuuRnycQL0',
   NULL, FALSE, 'ACTIVE'),
  ('60000000-0000-0000-0003-000000000001',
   '50000000-0000-0000-0003-000000000000', 'admin@bharatfin.in', 'oa_admin',
   '$argon2id$v=19$m=65536,t=2,p=2$z/NEDTeV+mYWlP+2UnLrLA$PFx24kV0gncVKXcTSHWiXlThvQzh7YPFJywoRCrqsO8',
   NULL, FALSE, 'ACTIVE'),
  ('60000000-0000-0000-0004-000000000001',
   '50000000-0000-0000-0004-000000000000', 'admin@sunrisepharma.in', 'oa_admin',
   '$argon2id$v=19$m=65536,t=2,p=2$K7UuzEZOBZrUt6Jh79y0xQ$OxfUzgkZd/cf3lLGNX37Og07uvC9lHEZSlx0ZxuXFHs',
   NULL, FALSE, 'ACTIVE'),
  ('60000000-0000-0000-0005-000000000001',
   '50000000-0000-0000-0005-000000000000', 'admin@digispark.io', 'oa_admin',
   '$argon2id$v=19$m=65536,t=2,p=2$ZxfHgqOPNKWa7/+MwmPLdw$gqh1fi+4EwFwSUuC+emDVqJRL5GXeWyN/vgELJz9Lvs',
   NULL, FALSE, 'ACTIVE'),
  ('60000000-0000-0000-0006-000000000001',
   '50000000-0000-0000-0006-000000000000', 'admin@indusretail.in', 'oa_admin',
   '$argon2id$v=19$m=65536,t=2,p=2$SRrSz4M6yQKi76xvLUr80A$oT+QlStNvzZ69HnuoBvezoT/UwY9YHz6FEouIGUglf8',
   NULL, FALSE, 'ACTIVE'),
  ('60000000-0000-0000-0007-000000000001',
   '50000000-0000-0000-0007-000000000000', 'admin@kaleidomedia.in', 'oa_admin',
   '$argon2id$v=19$m=65536,t=2,p=2$ZM7qMHm+Dbd/UYhHmS8hlQ$6nUd7A5lsclULDn/Pm2mVX4rcNsWk+sTt8IxncEKOGs',
   NULL, FALSE, 'ACTIVE'),
  ('60000000-0000-0000-0008-000000000001',
   '50000000-0000-0000-0008-000000000000', 'admin@primelogix.in', 'oa_admin',
   '$argon2id$v=19$m=65536,t=2,p=2$0bC+7yts4lWmBvdJ9QSLXg$c61cE7uEGca2ODzB/ikvbBOXPEjUhi3Md3YviMwj0u4',
   NULL, FALSE, 'ACTIVE'),
  ('60000000-0000-0000-0009-000000000001',
   '50000000-0000-0000-0009-000000000000', 'admin@novacure.in', 'oa_admin',
   '$argon2id$v=19$m=65536,t=2,p=2$5HOWaEp2WQMsP4in4MI2Sw$BtOsG5YMt9SYTR8nb+uXAf5ZDICT7HwvW5So/L0pzHc',
   NULL, FALSE, 'ACTIVE'),
  ('60000000-0000-0000-0010-000000000001',
   '50000000-0000-0000-0010-000000000000', 'admin@agrotech.in', 'oa_admin',
   '$argon2id$v=19$m=65536,t=2,p=2$PfkisljY0E2gpFPED3EpQQ$yD8/Tp29Oa1OuWyrj0kD/4uKtaA6ul5GyqwRrQgvZEI',
   NULL, FALSE, 'ACTIVE');

-- ============================================================
-- EMPLOYEE USERS (100 total, 10 per org)
-- pan_token via pgcrypto hmac — no raw PAN stored
-- ============================================================
INSERT INTO employee_user (
  employee_user_id, pan_token, enc_pan, enc_dek,
  mobile, status, activated_at
) VALUES
  ('70000000-0001-0001-0000-000000000000',
   encode(hmac('TESTPAN_ORG01_EMP001', 'dev_secret', 'sha256'), 'hex'),
   'DEVPAN01001',
   'DEV_ENC_DEK_ORG01_EMP001',
   '+919000001001', 'ACTIVE', NOW() - interval '180 days'),
  ('70000000-0001-0002-0000-000000000000',
   encode(hmac('TESTPAN_ORG01_EMP002', 'dev_secret', 'sha256'), 'hex'),
   'DEVPAN01002',
   'DEV_ENC_DEK_ORG01_EMP002',
   '+919000001002', 'ACTIVE', NOW() - interval '180 days'),
  ('70000000-0001-0003-0000-000000000000',
   encode(hmac('TESTPAN_ORG01_EMP003', 'dev_secret', 'sha256'), 'hex'),
   'DEVPAN01003',
   'DEV_ENC_DEK_ORG01_EMP003',
   '+919000001003', 'ACTIVE', NOW() - interval '180 days'),
  ('70000000-0001-0004-0000-000000000000',
   encode(hmac('TESTPAN_ORG01_EMP004', 'dev_secret', 'sha256'), 'hex'),
   'DEVPAN01004',
   'DEV_ENC_DEK_ORG01_EMP004',
   '+919000001004', 'ACTIVE', NOW() - interval '180 days'),
  ('70000000-0001-0005-0000-000000000000',
   encode(hmac('TESTPAN_ORG01_EMP005', 'dev_secret', 'sha256'), 'hex'),
   'DEVPAN01005',
   'DEV_ENC_DEK_ORG01_EMP005',
   '+919000001005', 'ACTIVE', NOW() - interval '180 days'),
  ('70000000-0001-0006-0000-000000000000',
   encode(hmac('TESTPAN_ORG01_EMP006', 'dev_secret', 'sha256'), 'hex'),
   'DEVPAN01006',
   'DEV_ENC_DEK_ORG01_EMP006',
   '+919000001006', 'ACTIVE', NOW() - interval '180 days'),
  ('70000000-0001-0007-0000-000000000000',
   encode(hmac('TESTPAN_ORG01_EMP007', 'dev_secret', 'sha256'), 'hex'),
   'DEVPAN01007',
   'DEV_ENC_DEK_ORG01_EMP007',
   '+919000001007', 'ACTIVE', NOW() - interval '180 days'),
  ('70000000-0001-0008-0000-000000000000',
   encode(hmac('TESTPAN_ORG01_EMP008', 'dev_secret', 'sha256'), 'hex'),
   'DEVPAN01008',
   'DEV_ENC_DEK_ORG01_EMP008',
   '+919000001008', 'ACTIVE', NOW() - interval '180 days'),
  ('70000000-0001-0009-0000-000000000000',
   encode(hmac('TESTPAN_ORG01_EMP009', 'dev_secret', 'sha256'), 'hex'),
   'DEVPAN01009',
   'DEV_ENC_DEK_ORG01_EMP009',
   '+919000001009', 'ACTIVE', NOW() - interval '180 days'),
  ('70000000-0001-0010-0000-000000000000',
   encode(hmac('TESTPAN_ORG01_EMP010', 'dev_secret', 'sha256'), 'hex'),
   'DEVPAN01010',
   'DEV_ENC_DEK_ORG01_EMP010',
   '+919000001010', 'ACTIVE', NOW() - interval '180 days'),
  ('70000000-0002-0001-0000-000000000000',
   encode(hmac('TESTPAN_ORG02_EMP001', 'dev_secret', 'sha256'), 'hex'),
   'DEVPAN02001',
   'DEV_ENC_DEK_ORG02_EMP001',
   '+919000002001', 'ACTIVE', NOW() - interval '180 days'),
  ('70000000-0002-0002-0000-000000000000',
   encode(hmac('TESTPAN_ORG02_EMP002', 'dev_secret', 'sha256'), 'hex'),
   'DEVPAN02002',
   'DEV_ENC_DEK_ORG02_EMP002',
   '+919000002002', 'ACTIVE', NOW() - interval '180 days'),
  ('70000000-0002-0003-0000-000000000000',
   encode(hmac('TESTPAN_ORG02_EMP003', 'dev_secret', 'sha256'), 'hex'),
   'DEVPAN02003',
   'DEV_ENC_DEK_ORG02_EMP003',
   '+919000002003', 'ACTIVE', NOW() - interval '180 days'),
  ('70000000-0002-0004-0000-000000000000',
   encode(hmac('TESTPAN_ORG02_EMP004', 'dev_secret', 'sha256'), 'hex'),
   'DEVPAN02004',
   'DEV_ENC_DEK_ORG02_EMP004',
   '+919000002004', 'ACTIVE', NOW() - interval '180 days'),
  ('70000000-0002-0005-0000-000000000000',
   encode(hmac('TESTPAN_ORG02_EMP005', 'dev_secret', 'sha256'), 'hex'),
   'DEVPAN02005',
   'DEV_ENC_DEK_ORG02_EMP005',
   '+919000002005', 'ACTIVE', NOW() - interval '180 days'),
  ('70000000-0002-0006-0000-000000000000',
   encode(hmac('TESTPAN_ORG02_EMP006', 'dev_secret', 'sha256'), 'hex'),
   'DEVPAN02006',
   'DEV_ENC_DEK_ORG02_EMP006',
   '+919000002006', 'ACTIVE', NOW() - interval '180 days'),
  ('70000000-0002-0007-0000-000000000000',
   encode(hmac('TESTPAN_ORG02_EMP007', 'dev_secret', 'sha256'), 'hex'),
   'DEVPAN02007',
   'DEV_ENC_DEK_ORG02_EMP007',
   '+919000002007', 'ACTIVE', NOW() - interval '180 days'),
  ('70000000-0002-0008-0000-000000000000',
   encode(hmac('TESTPAN_ORG02_EMP008', 'dev_secret', 'sha256'), 'hex'),
   'DEVPAN02008',
   'DEV_ENC_DEK_ORG02_EMP008',
   '+919000002008', 'ACTIVE', NOW() - interval '180 days'),
  ('70000000-0002-0009-0000-000000000000',
   encode(hmac('TESTPAN_ORG02_EMP009', 'dev_secret', 'sha256'), 'hex'),
   'DEVPAN02009',
   'DEV_ENC_DEK_ORG02_EMP009',
   '+919000002009', 'ACTIVE', NOW() - interval '180 days'),
  ('70000000-0002-0010-0000-000000000000',
   encode(hmac('TESTPAN_ORG02_EMP010', 'dev_secret', 'sha256'), 'hex'),
   'DEVPAN02010',
   'DEV_ENC_DEK_ORG02_EMP010',
   '+919000002010', 'ACTIVE', NOW() - interval '180 days'),
  ('70000000-0003-0001-0000-000000000000',
   encode(hmac('TESTPAN_ORG03_EMP001', 'dev_secret', 'sha256'), 'hex'),
   'DEVPAN03001',
   'DEV_ENC_DEK_ORG03_EMP001',
   '+919000003001', 'ACTIVE', NOW() - interval '180 days'),
  ('70000000-0003-0002-0000-000000000000',
   encode(hmac('TESTPAN_ORG03_EMP002', 'dev_secret', 'sha256'), 'hex'),
   'DEVPAN03002',
   'DEV_ENC_DEK_ORG03_EMP002',
   '+919000003002', 'ACTIVE', NOW() - interval '180 days'),
  ('70000000-0003-0003-0000-000000000000',
   encode(hmac('TESTPAN_ORG03_EMP003', 'dev_secret', 'sha256'), 'hex'),
   'DEVPAN03003',
   'DEV_ENC_DEK_ORG03_EMP003',
   '+919000003003', 'ACTIVE', NOW() - interval '180 days'),
  ('70000000-0003-0004-0000-000000000000',
   encode(hmac('TESTPAN_ORG03_EMP004', 'dev_secret', 'sha256'), 'hex'),
   'DEVPAN03004',
   'DEV_ENC_DEK_ORG03_EMP004',
   '+919000003004', 'ACTIVE', NOW() - interval '180 days'),
  ('70000000-0003-0005-0000-000000000000',
   encode(hmac('TESTPAN_ORG03_EMP005', 'dev_secret', 'sha256'), 'hex'),
   'DEVPAN03005',
   'DEV_ENC_DEK_ORG03_EMP005',
   '+919000003005', 'ACTIVE', NOW() - interval '180 days'),
  ('70000000-0003-0006-0000-000000000000',
   encode(hmac('TESTPAN_ORG03_EMP006', 'dev_secret', 'sha256'), 'hex'),
   'DEVPAN03006',
   'DEV_ENC_DEK_ORG03_EMP006',
   '+919000003006', 'ACTIVE', NOW() - interval '180 days'),
  ('70000000-0003-0007-0000-000000000000',
   encode(hmac('TESTPAN_ORG03_EMP007', 'dev_secret', 'sha256'), 'hex'),
   'DEVPAN03007',
   'DEV_ENC_DEK_ORG03_EMP007',
   '+919000003007', 'ACTIVE', NOW() - interval '180 days'),
  ('70000000-0003-0008-0000-000000000000',
   encode(hmac('TESTPAN_ORG03_EMP008', 'dev_secret', 'sha256'), 'hex'),
   'DEVPAN03008',
   'DEV_ENC_DEK_ORG03_EMP008',
   '+919000003008', 'ACTIVE', NOW() - interval '180 days'),
  ('70000000-0003-0009-0000-000000000000',
   encode(hmac('TESTPAN_ORG03_EMP009', 'dev_secret', 'sha256'), 'hex'),
   'DEVPAN03009',
   'DEV_ENC_DEK_ORG03_EMP009',
   '+919000003009', 'ACTIVE', NOW() - interval '180 days'),
  ('70000000-0003-0010-0000-000000000000',
   encode(hmac('TESTPAN_ORG03_EMP010', 'dev_secret', 'sha256'), 'hex'),
   'DEVPAN03010',
   'DEV_ENC_DEK_ORG03_EMP010',
   '+919000003010', 'ACTIVE', NOW() - interval '180 days'),
  ('70000000-0004-0001-0000-000000000000',
   encode(hmac('TESTPAN_ORG04_EMP001', 'dev_secret', 'sha256'), 'hex'),
   'DEVPAN04001',
   'DEV_ENC_DEK_ORG04_EMP001',
   '+919000004001', 'ACTIVE', NOW() - interval '180 days'),
  ('70000000-0004-0002-0000-000000000000',
   encode(hmac('TESTPAN_ORG04_EMP002', 'dev_secret', 'sha256'), 'hex'),
   'DEVPAN04002',
   'DEV_ENC_DEK_ORG04_EMP002',
   '+919000004002', 'ACTIVE', NOW() - interval '180 days'),
  ('70000000-0004-0003-0000-000000000000',
   encode(hmac('TESTPAN_ORG04_EMP003', 'dev_secret', 'sha256'), 'hex'),
   'DEVPAN04003',
   'DEV_ENC_DEK_ORG04_EMP003',
   '+919000004003', 'ACTIVE', NOW() - interval '180 days'),
  ('70000000-0004-0004-0000-000000000000',
   encode(hmac('TESTPAN_ORG04_EMP004', 'dev_secret', 'sha256'), 'hex'),
   'DEVPAN04004',
   'DEV_ENC_DEK_ORG04_EMP004',
   '+919000004004', 'ACTIVE', NOW() - interval '180 days'),
  ('70000000-0004-0005-0000-000000000000',
   encode(hmac('TESTPAN_ORG04_EMP005', 'dev_secret', 'sha256'), 'hex'),
   'DEVPAN04005',
   'DEV_ENC_DEK_ORG04_EMP005',
   '+919000004005', 'ACTIVE', NOW() - interval '180 days'),
  ('70000000-0004-0006-0000-000000000000',
   encode(hmac('TESTPAN_ORG04_EMP006', 'dev_secret', 'sha256'), 'hex'),
   'DEVPAN04006',
   'DEV_ENC_DEK_ORG04_EMP006',
   '+919000004006', 'ACTIVE', NOW() - interval '180 days'),
  ('70000000-0004-0007-0000-000000000000',
   encode(hmac('TESTPAN_ORG04_EMP007', 'dev_secret', 'sha256'), 'hex'),
   'DEVPAN04007',
   'DEV_ENC_DEK_ORG04_EMP007',
   '+919000004007', 'ACTIVE', NOW() - interval '180 days'),
  ('70000000-0004-0008-0000-000000000000',
   encode(hmac('TESTPAN_ORG04_EMP008', 'dev_secret', 'sha256'), 'hex'),
   'DEVPAN04008',
   'DEV_ENC_DEK_ORG04_EMP008',
   '+919000004008', 'ACTIVE', NOW() - interval '180 days'),
  ('70000000-0004-0009-0000-000000000000',
   encode(hmac('TESTPAN_ORG04_EMP009', 'dev_secret', 'sha256'), 'hex'),
   'DEVPAN04009',
   'DEV_ENC_DEK_ORG04_EMP009',
   '+919000004009', 'ACTIVE', NOW() - interval '180 days'),
  ('70000000-0004-0010-0000-000000000000',
   encode(hmac('TESTPAN_ORG04_EMP010', 'dev_secret', 'sha256'), 'hex'),
   'DEVPAN04010',
   'DEV_ENC_DEK_ORG04_EMP010',
   '+919000004010', 'ACTIVE', NOW() - interval '180 days'),
  ('70000000-0005-0001-0000-000000000000',
   encode(hmac('TESTPAN_ORG05_EMP001', 'dev_secret', 'sha256'), 'hex'),
   'DEVPAN05001',
   'DEV_ENC_DEK_ORG05_EMP001',
   '+919000005001', 'ACTIVE', NOW() - interval '180 days'),
  ('70000000-0005-0002-0000-000000000000',
   encode(hmac('TESTPAN_ORG05_EMP002', 'dev_secret', 'sha256'), 'hex'),
   'DEVPAN05002',
   'DEV_ENC_DEK_ORG05_EMP002',
   '+919000005002', 'ACTIVE', NOW() - interval '180 days'),
  ('70000000-0005-0003-0000-000000000000',
   encode(hmac('TESTPAN_ORG05_EMP003', 'dev_secret', 'sha256'), 'hex'),
   'DEVPAN05003',
   'DEV_ENC_DEK_ORG05_EMP003',
   '+919000005003', 'ACTIVE', NOW() - interval '180 days'),
  ('70000000-0005-0004-0000-000000000000',
   encode(hmac('TESTPAN_ORG05_EMP004', 'dev_secret', 'sha256'), 'hex'),
   'DEVPAN05004',
   'DEV_ENC_DEK_ORG05_EMP004',
   '+919000005004', 'ACTIVE', NOW() - interval '180 days'),
  ('70000000-0005-0005-0000-000000000000',
   encode(hmac('TESTPAN_ORG05_EMP005', 'dev_secret', 'sha256'), 'hex'),
   'DEVPAN05005',
   'DEV_ENC_DEK_ORG05_EMP005',
   '+919000005005', 'ACTIVE', NOW() - interval '180 days'),
  ('70000000-0005-0006-0000-000000000000',
   encode(hmac('TESTPAN_ORG05_EMP006', 'dev_secret', 'sha256'), 'hex'),
   'DEVPAN05006',
   'DEV_ENC_DEK_ORG05_EMP006',
   '+919000005006', 'ACTIVE', NOW() - interval '180 days'),
  ('70000000-0005-0007-0000-000000000000',
   encode(hmac('TESTPAN_ORG05_EMP007', 'dev_secret', 'sha256'), 'hex'),
   'DEVPAN05007',
   'DEV_ENC_DEK_ORG05_EMP007',
   '+919000005007', 'ACTIVE', NOW() - interval '180 days'),
  ('70000000-0005-0008-0000-000000000000',
   encode(hmac('TESTPAN_ORG05_EMP008', 'dev_secret', 'sha256'), 'hex'),
   'DEVPAN05008',
   'DEV_ENC_DEK_ORG05_EMP008',
   '+919000005008', 'ACTIVE', NOW() - interval '180 days'),
  ('70000000-0005-0009-0000-000000000000',
   encode(hmac('TESTPAN_ORG05_EMP009', 'dev_secret', 'sha256'), 'hex'),
   'DEVPAN05009',
   'DEV_ENC_DEK_ORG05_EMP009',
   '+919000005009', 'ACTIVE', NOW() - interval '180 days'),
  ('70000000-0005-0010-0000-000000000000',
   encode(hmac('TESTPAN_ORG05_EMP010', 'dev_secret', 'sha256'), 'hex'),
   'DEVPAN05010',
   'DEV_ENC_DEK_ORG05_EMP010',
   '+919000005010', 'ACTIVE', NOW() - interval '180 days'),
  ('70000000-0006-0001-0000-000000000000',
   encode(hmac('TESTPAN_ORG06_EMP001', 'dev_secret', 'sha256'), 'hex'),
   'DEVPAN06001',
   'DEV_ENC_DEK_ORG06_EMP001',
   '+919000006001', 'ACTIVE', NOW() - interval '180 days'),
  ('70000000-0006-0002-0000-000000000000',
   encode(hmac('TESTPAN_ORG06_EMP002', 'dev_secret', 'sha256'), 'hex'),
   'DEVPAN06002',
   'DEV_ENC_DEK_ORG06_EMP002',
   '+919000006002', 'ACTIVE', NOW() - interval '180 days'),
  ('70000000-0006-0003-0000-000000000000',
   encode(hmac('TESTPAN_ORG06_EMP003', 'dev_secret', 'sha256'), 'hex'),
   'DEVPAN06003',
   'DEV_ENC_DEK_ORG06_EMP003',
   '+919000006003', 'ACTIVE', NOW() - interval '180 days'),
  ('70000000-0006-0004-0000-000000000000',
   encode(hmac('TESTPAN_ORG06_EMP004', 'dev_secret', 'sha256'), 'hex'),
   'DEVPAN06004',
   'DEV_ENC_DEK_ORG06_EMP004',
   '+919000006004', 'ACTIVE', NOW() - interval '180 days'),
  ('70000000-0006-0005-0000-000000000000',
   encode(hmac('TESTPAN_ORG06_EMP005', 'dev_secret', 'sha256'), 'hex'),
   'DEVPAN06005',
   'DEV_ENC_DEK_ORG06_EMP005',
   '+919000006005', 'ACTIVE', NOW() - interval '180 days'),
  ('70000000-0006-0006-0000-000000000000',
   encode(hmac('TESTPAN_ORG06_EMP006', 'dev_secret', 'sha256'), 'hex'),
   'DEVPAN06006',
   'DEV_ENC_DEK_ORG06_EMP006',
   '+919000006006', 'ACTIVE', NOW() - interval '180 days'),
  ('70000000-0006-0007-0000-000000000000',
   encode(hmac('TESTPAN_ORG06_EMP007', 'dev_secret', 'sha256'), 'hex'),
   'DEVPAN06007',
   'DEV_ENC_DEK_ORG06_EMP007',
   '+919000006007', 'ACTIVE', NOW() - interval '180 days'),
  ('70000000-0006-0008-0000-000000000000',
   encode(hmac('TESTPAN_ORG06_EMP008', 'dev_secret', 'sha256'), 'hex'),
   'DEVPAN06008',
   'DEV_ENC_DEK_ORG06_EMP008',
   '+919000006008', 'ACTIVE', NOW() - interval '180 days'),
  ('70000000-0006-0009-0000-000000000000',
   encode(hmac('TESTPAN_ORG06_EMP009', 'dev_secret', 'sha256'), 'hex'),
   'DEVPAN06009',
   'DEV_ENC_DEK_ORG06_EMP009',
   '+919000006009', 'ACTIVE', NOW() - interval '180 days'),
  ('70000000-0006-0010-0000-000000000000',
   encode(hmac('TESTPAN_ORG06_EMP010', 'dev_secret', 'sha256'), 'hex'),
   'DEVPAN06010',
   'DEV_ENC_DEK_ORG06_EMP010',
   '+919000006010', 'ACTIVE', NOW() - interval '180 days'),
  ('70000000-0007-0001-0000-000000000000',
   encode(hmac('TESTPAN_ORG07_EMP001', 'dev_secret', 'sha256'), 'hex'),
   'DEVPAN07001',
   'DEV_ENC_DEK_ORG07_EMP001',
   '+919000007001', 'ACTIVE', NOW() - interval '180 days'),
  ('70000000-0007-0002-0000-000000000000',
   encode(hmac('TESTPAN_ORG07_EMP002', 'dev_secret', 'sha256'), 'hex'),
   'DEVPAN07002',
   'DEV_ENC_DEK_ORG07_EMP002',
   '+919000007002', 'ACTIVE', NOW() - interval '180 days'),
  ('70000000-0007-0003-0000-000000000000',
   encode(hmac('TESTPAN_ORG07_EMP003', 'dev_secret', 'sha256'), 'hex'),
   'DEVPAN07003',
   'DEV_ENC_DEK_ORG07_EMP003',
   '+919000007003', 'ACTIVE', NOW() - interval '180 days'),
  ('70000000-0007-0004-0000-000000000000',
   encode(hmac('TESTPAN_ORG07_EMP004', 'dev_secret', 'sha256'), 'hex'),
   'DEVPAN07004',
   'DEV_ENC_DEK_ORG07_EMP004',
   '+919000007004', 'ACTIVE', NOW() - interval '180 days'),
  ('70000000-0007-0005-0000-000000000000',
   encode(hmac('TESTPAN_ORG07_EMP005', 'dev_secret', 'sha256'), 'hex'),
   'DEVPAN07005',
   'DEV_ENC_DEK_ORG07_EMP005',
   '+919000007005', 'ACTIVE', NOW() - interval '180 days'),
  ('70000000-0007-0006-0000-000000000000',
   encode(hmac('TESTPAN_ORG07_EMP006', 'dev_secret', 'sha256'), 'hex'),
   'DEVPAN07006',
   'DEV_ENC_DEK_ORG07_EMP006',
   '+919000007006', 'ACTIVE', NOW() - interval '180 days'),
  ('70000000-0007-0007-0000-000000000000',
   encode(hmac('TESTPAN_ORG07_EMP007', 'dev_secret', 'sha256'), 'hex'),
   'DEVPAN07007',
   'DEV_ENC_DEK_ORG07_EMP007',
   '+919000007007', 'ACTIVE', NOW() - interval '180 days'),
  ('70000000-0007-0008-0000-000000000000',
   encode(hmac('TESTPAN_ORG07_EMP008', 'dev_secret', 'sha256'), 'hex'),
   'DEVPAN07008',
   'DEV_ENC_DEK_ORG07_EMP008',
   '+919000007008', 'ACTIVE', NOW() - interval '180 days'),
  ('70000000-0007-0009-0000-000000000000',
   encode(hmac('TESTPAN_ORG07_EMP009', 'dev_secret', 'sha256'), 'hex'),
   'DEVPAN07009',
   'DEV_ENC_DEK_ORG07_EMP009',
   '+919000007009', 'ACTIVE', NOW() - interval '180 days'),
  ('70000000-0007-0010-0000-000000000000',
   encode(hmac('TESTPAN_ORG07_EMP010', 'dev_secret', 'sha256'), 'hex'),
   'DEVPAN07010',
   'DEV_ENC_DEK_ORG07_EMP010',
   '+919000007010', 'ACTIVE', NOW() - interval '180 days'),
  ('70000000-0008-0001-0000-000000000000',
   encode(hmac('TESTPAN_ORG08_EMP001', 'dev_secret', 'sha256'), 'hex'),
   'DEVPAN08001',
   'DEV_ENC_DEK_ORG08_EMP001',
   '+919000008001', 'ACTIVE', NOW() - interval '180 days'),
  ('70000000-0008-0002-0000-000000000000',
   encode(hmac('TESTPAN_ORG08_EMP002', 'dev_secret', 'sha256'), 'hex'),
   'DEVPAN08002',
   'DEV_ENC_DEK_ORG08_EMP002',
   '+919000008002', 'ACTIVE', NOW() - interval '180 days'),
  ('70000000-0008-0003-0000-000000000000',
   encode(hmac('TESTPAN_ORG08_EMP003', 'dev_secret', 'sha256'), 'hex'),
   'DEVPAN08003',
   'DEV_ENC_DEK_ORG08_EMP003',
   '+919000008003', 'ACTIVE', NOW() - interval '180 days'),
  ('70000000-0008-0004-0000-000000000000',
   encode(hmac('TESTPAN_ORG08_EMP004', 'dev_secret', 'sha256'), 'hex'),
   'DEVPAN08004',
   'DEV_ENC_DEK_ORG08_EMP004',
   '+919000008004', 'ACTIVE', NOW() - interval '180 days'),
  ('70000000-0008-0005-0000-000000000000',
   encode(hmac('TESTPAN_ORG08_EMP005', 'dev_secret', 'sha256'), 'hex'),
   'DEVPAN08005',
   'DEV_ENC_DEK_ORG08_EMP005',
   '+919000008005', 'ACTIVE', NOW() - interval '180 days'),
  ('70000000-0008-0006-0000-000000000000',
   encode(hmac('TESTPAN_ORG08_EMP006', 'dev_secret', 'sha256'), 'hex'),
   'DEVPAN08006',
   'DEV_ENC_DEK_ORG08_EMP006',
   '+919000008006', 'ACTIVE', NOW() - interval '180 days'),
  ('70000000-0008-0007-0000-000000000000',
   encode(hmac('TESTPAN_ORG08_EMP007', 'dev_secret', 'sha256'), 'hex'),
   'DEVPAN08007',
   'DEV_ENC_DEK_ORG08_EMP007',
   '+919000008007', 'ACTIVE', NOW() - interval '180 days'),
  ('70000000-0008-0008-0000-000000000000',
   encode(hmac('TESTPAN_ORG08_EMP008', 'dev_secret', 'sha256'), 'hex'),
   'DEVPAN08008',
   'DEV_ENC_DEK_ORG08_EMP008',
   '+919000008008', 'ACTIVE', NOW() - interval '180 days'),
  ('70000000-0008-0009-0000-000000000000',
   encode(hmac('TESTPAN_ORG08_EMP009', 'dev_secret', 'sha256'), 'hex'),
   'DEVPAN08009',
   'DEV_ENC_DEK_ORG08_EMP009',
   '+919000008009', 'ACTIVE', NOW() - interval '180 days'),
  ('70000000-0008-0010-0000-000000000000',
   encode(hmac('TESTPAN_ORG08_EMP010', 'dev_secret', 'sha256'), 'hex'),
   'DEVPAN08010',
   'DEV_ENC_DEK_ORG08_EMP010',
   '+919000008010', 'ACTIVE', NOW() - interval '180 days'),
  ('70000000-0009-0001-0000-000000000000',
   encode(hmac('TESTPAN_ORG09_EMP001', 'dev_secret', 'sha256'), 'hex'),
   'DEVPAN09001',
   'DEV_ENC_DEK_ORG09_EMP001',
   '+919000009001', 'ACTIVE', NOW() - interval '180 days'),
  ('70000000-0009-0002-0000-000000000000',
   encode(hmac('TESTPAN_ORG09_EMP002', 'dev_secret', 'sha256'), 'hex'),
   'DEVPAN09002',
   'DEV_ENC_DEK_ORG09_EMP002',
   '+919000009002', 'ACTIVE', NOW() - interval '180 days'),
  ('70000000-0009-0003-0000-000000000000',
   encode(hmac('TESTPAN_ORG09_EMP003', 'dev_secret', 'sha256'), 'hex'),
   'DEVPAN09003',
   'DEV_ENC_DEK_ORG09_EMP003',
   '+919000009003', 'ACTIVE', NOW() - interval '180 days'),
  ('70000000-0009-0004-0000-000000000000',
   encode(hmac('TESTPAN_ORG09_EMP004', 'dev_secret', 'sha256'), 'hex'),
   'DEVPAN09004',
   'DEV_ENC_DEK_ORG09_EMP004',
   '+919000009004', 'ACTIVE', NOW() - interval '180 days'),
  ('70000000-0009-0005-0000-000000000000',
   encode(hmac('TESTPAN_ORG09_EMP005', 'dev_secret', 'sha256'), 'hex'),
   'DEVPAN09005',
   'DEV_ENC_DEK_ORG09_EMP005',
   '+919000009005', 'ACTIVE', NOW() - interval '180 days'),
  ('70000000-0009-0006-0000-000000000000',
   encode(hmac('TESTPAN_ORG09_EMP006', 'dev_secret', 'sha256'), 'hex'),
   'DEVPAN09006',
   'DEV_ENC_DEK_ORG09_EMP006',
   '+919000009006', 'ACTIVE', NOW() - interval '180 days'),
  ('70000000-0009-0007-0000-000000000000',
   encode(hmac('TESTPAN_ORG09_EMP007', 'dev_secret', 'sha256'), 'hex'),
   'DEVPAN09007',
   'DEV_ENC_DEK_ORG09_EMP007',
   '+919000009007', 'ACTIVE', NOW() - interval '180 days'),
  ('70000000-0009-0008-0000-000000000000',
   encode(hmac('TESTPAN_ORG09_EMP008', 'dev_secret', 'sha256'), 'hex'),
   'DEVPAN09008',
   'DEV_ENC_DEK_ORG09_EMP008',
   '+919000009008', 'ACTIVE', NOW() - interval '180 days'),
  ('70000000-0009-0009-0000-000000000000',
   encode(hmac('TESTPAN_ORG09_EMP009', 'dev_secret', 'sha256'), 'hex'),
   'DEVPAN09009',
   'DEV_ENC_DEK_ORG09_EMP009',
   '+919000009009', 'ACTIVE', NOW() - interval '180 days'),
  ('70000000-0009-0010-0000-000000000000',
   encode(hmac('TESTPAN_ORG09_EMP010', 'dev_secret', 'sha256'), 'hex'),
   'DEVPAN09010',
   'DEV_ENC_DEK_ORG09_EMP010',
   '+919000009010', 'ACTIVE', NOW() - interval '180 days'),
  ('70000000-0010-0001-0000-000000000000',
   encode(hmac('TESTPAN_ORG10_EMP001', 'dev_secret', 'sha256'), 'hex'),
   'DEVPAN10001',
   'DEV_ENC_DEK_ORG10_EMP001',
   '+919000010001', 'ACTIVE', NOW() - interval '180 days'),
  ('70000000-0010-0002-0000-000000000000',
   encode(hmac('TESTPAN_ORG10_EMP002', 'dev_secret', 'sha256'), 'hex'),
   'DEVPAN10002',
   'DEV_ENC_DEK_ORG10_EMP002',
   '+919000010002', 'ACTIVE', NOW() - interval '180 days'),
  ('70000000-0010-0003-0000-000000000000',
   encode(hmac('TESTPAN_ORG10_EMP003', 'dev_secret', 'sha256'), 'hex'),
   'DEVPAN10003',
   'DEV_ENC_DEK_ORG10_EMP003',
   '+919000010003', 'ACTIVE', NOW() - interval '180 days'),
  ('70000000-0010-0004-0000-000000000000',
   encode(hmac('TESTPAN_ORG10_EMP004', 'dev_secret', 'sha256'), 'hex'),
   'DEVPAN10004',
   'DEV_ENC_DEK_ORG10_EMP004',
   '+919000010004', 'ACTIVE', NOW() - interval '180 days'),
  ('70000000-0010-0005-0000-000000000000',
   encode(hmac('TESTPAN_ORG10_EMP005', 'dev_secret', 'sha256'), 'hex'),
   'DEVPAN10005',
   'DEV_ENC_DEK_ORG10_EMP005',
   '+919000010005', 'ACTIVE', NOW() - interval '180 days'),
  ('70000000-0010-0006-0000-000000000000',
   encode(hmac('TESTPAN_ORG10_EMP006', 'dev_secret', 'sha256'), 'hex'),
   'DEVPAN10006',
   'DEV_ENC_DEK_ORG10_EMP006',
   '+919000010006', 'ACTIVE', NOW() - interval '180 days'),
  ('70000000-0010-0007-0000-000000000000',
   encode(hmac('TESTPAN_ORG10_EMP007', 'dev_secret', 'sha256'), 'hex'),
   'DEVPAN10007',
   'DEV_ENC_DEK_ORG10_EMP007',
   '+919000010007', 'ACTIVE', NOW() - interval '180 days'),
  ('70000000-0010-0008-0000-000000000000',
   encode(hmac('TESTPAN_ORG10_EMP008', 'dev_secret', 'sha256'), 'hex'),
   'DEVPAN10008',
   'DEV_ENC_DEK_ORG10_EMP008',
   '+919000010008', 'ACTIVE', NOW() - interval '180 days'),
  ('70000000-0010-0009-0000-000000000000',
   encode(hmac('TESTPAN_ORG10_EMP009', 'dev_secret', 'sha256'), 'hex'),
   'DEVPAN10009',
   'DEV_ENC_DEK_ORG10_EMP009',
   '+919000010009', 'ACTIVE', NOW() - interval '180 days'),
  ('70000000-0010-0010-0000-000000000000',
   encode(hmac('TESTPAN_ORG10_EMP010', 'dev_secret', 'sha256'), 'hex'),
   'DEVPAN10010',
   'DEV_ENC_DEK_ORG10_EMP010',
   '+919000010010', 'ACTIVE', NOW() - interval '180 days');

-- ============================================================
-- EMPLOYEE MASTER (100 rows, real names from credentials sheet)
-- ============================================================
INSERT INTO employee_master (
  employee_uuid, employee_user_id, tenant_id,
  pan_token, enc_pan, enc_dek,
  emp_id_org, full_name, designation, department,
  grade, location, employment_type, doj, status
) VALUES
  ('80000000-0001-0001-0000-000000000000',
   '70000000-0001-0001-0000-000000000000',
   '50000000-0000-0000-0001-000000000000',
   encode(hmac('TESTPAN_ORG01_EMP001', 'dev_secret', 'sha256'), 'hex'),
   'DEVPAN01001',
   'DEV_ENC_DEK_ORG01_EMP001',
   'ORG01-EMP001',
   'Suresh Verma', 'Software Engineer', 'Engineering',
   'L1', 'Bengaluru', 'PERMANENT',
   NOW() - interval '2 years', 'ACTIVE'),
  ('80000000-0001-0002-0000-000000000000',
   '70000000-0001-0002-0000-000000000000',
   '50000000-0000-0000-0001-000000000000',
   encode(hmac('TESTPAN_ORG01_EMP002', 'dev_secret', 'sha256'), 'hex'),
   'DEVPAN01002',
   'DEV_ENC_DEK_ORG01_EMP002',
   'ORG01-EMP002',
   'Shweta Rao', 'Senior Engineer', 'Product',
   'L2', 'Bengaluru', 'PERMANENT',
   NOW() - interval '3 years', 'ACTIVE'),
  ('80000000-0001-0003-0000-000000000000',
   '70000000-0001-0003-0000-000000000000',
   '50000000-0000-0000-0001-000000000000',
   encode(hmac('TESTPAN_ORG01_EMP003', 'dev_secret', 'sha256'), 'hex'),
   'DEVPAN01003',
   'DEV_ENC_DEK_ORG01_EMP003',
   'ORG01-EMP003',
   'Amit Iyer', 'Tech Lead', 'Finance',
   'L3', 'Bengaluru', 'PERMANENT',
   NOW() - interval '4 years', 'ACTIVE'),
  ('80000000-0001-0004-0000-000000000000',
   '70000000-0001-0004-0000-000000000000',
   '50000000-0000-0000-0001-000000000000',
   encode(hmac('TESTPAN_ORG01_EMP004', 'dev_secret', 'sha256'), 'hex'),
   'DEVPAN01004',
   'DEV_ENC_DEK_ORG01_EMP004',
   'ORG01-EMP004',
   'Shruti Joshi', 'Manager', 'HR',
   'L4', 'Bengaluru', 'PERMANENT',
   NOW() - interval '1 years', 'ACTIVE'),
  ('80000000-0001-0005-0000-000000000000',
   '70000000-0001-0005-0000-000000000000',
   '50000000-0000-0000-0001-000000000000',
   encode(hmac('TESTPAN_ORG01_EMP005', 'dev_secret', 'sha256'), 'hex'),
   'DEVPAN01005',
   'DEV_ENC_DEK_ORG01_EMP005',
   'ORG01-EMP005',
   'Jyoti Joshi', 'Senior Manager', 'Operations',
   'L5', 'Bengaluru', 'PERMANENT',
   NOW() - interval '2 years', 'ACTIVE'),
  ('80000000-0001-0006-0000-000000000000',
   '70000000-0001-0006-0000-000000000000',
   '50000000-0000-0000-0001-000000000000',
   encode(hmac('TESTPAN_ORG01_EMP006', 'dev_secret', 'sha256'), 'hex'),
   'DEVPAN01006',
   'DEV_ENC_DEK_ORG01_EMP006',
   'ORG01-EMP006',
   'Saurabh Sinha', 'Director', 'Sales',
   'L6', 'Bengaluru', 'PERMANENT',
   NOW() - interval '3 years', 'ACTIVE'),
  ('80000000-0001-0007-0000-000000000000',
   '70000000-0001-0007-0000-000000000000',
   '50000000-0000-0000-0001-000000000000',
   encode(hmac('TESTPAN_ORG01_EMP007', 'dev_secret', 'sha256'), 'hex'),
   'DEVPAN01007',
   'DEV_ENC_DEK_ORG01_EMP007',
   'ORG01-EMP007',
   'Arjun Mehta', 'Analyst', 'Marketing',
   'L1', 'Bengaluru', 'PERMANENT',
   NOW() - interval '4 years', 'ACTIVE'),
  ('80000000-0001-0008-0000-000000000000',
   '70000000-0001-0008-0000-000000000000',
   '50000000-0000-0000-0001-000000000000',
   encode(hmac('TESTPAN_ORG01_EMP008', 'dev_secret', 'sha256'), 'hex'),
   'DEVPAN01008',
   'DEV_ENC_DEK_ORG01_EMP008',
   'ORG01-EMP008',
   'Suresh Kumar', 'Senior Analyst', 'Legal',
   'L2', 'Bengaluru', 'PERMANENT',
   NOW() - interval '1 years', 'ACTIVE'),
  ('80000000-0001-0009-0000-000000000000',
   '70000000-0001-0009-0000-000000000000',
   '50000000-0000-0000-0001-000000000000',
   encode(hmac('TESTPAN_ORG01_EMP009', 'dev_secret', 'sha256'), 'hex'),
   'DEVPAN01009',
   'DEV_ENC_DEK_ORG01_EMP009',
   'ORG01-EMP009',
   'Pooja Sharma', 'Consultant', 'Design',
   'L3', 'Bengaluru', 'PERMANENT',
   NOW() - interval '2 years', 'ACTIVE'),
  ('80000000-0001-0010-0000-000000000000',
   '70000000-0001-0010-0000-000000000000',
   '50000000-0000-0000-0001-000000000000',
   encode(hmac('TESTPAN_ORG01_EMP010', 'dev_secret', 'sha256'), 'hex'),
   'DEVPAN01010',
   'DEV_ENC_DEK_ORG01_EMP010',
   'ORG01-EMP010',
   'Tanvi Kapoor', 'Associate', 'Data Science',
   'L4', 'Bengaluru', 'PERMANENT',
   NOW() - interval '3 years', 'ACTIVE'),
  ('80000000-0002-0001-0000-000000000000',
   '70000000-0002-0001-0000-000000000000',
   '50000000-0000-0000-0002-000000000000',
   encode(hmac('TESTPAN_ORG02_EMP001', 'dev_secret', 'sha256'), 'hex'),
   'DEVPAN02001',
   'DEV_ENC_DEK_ORG02_EMP001',
   'ORG02-EMP001',
   'Saurabh Nair', 'Software Engineer', 'Engineering',
   'L1', 'Mumbai', 'PERMANENT',
   NOW() - interval '2 years', 'ACTIVE'),
  ('80000000-0002-0002-0000-000000000000',
   '70000000-0002-0002-0000-000000000000',
   '50000000-0000-0000-0002-000000000000',
   encode(hmac('TESTPAN_ORG02_EMP002', 'dev_secret', 'sha256'), 'hex'),
   'DEVPAN02002',
   'DEV_ENC_DEK_ORG02_EMP002',
   'ORG02-EMP002',
   'Pallavi Iyer', 'Senior Engineer', 'Product',
   'L2', 'Mumbai', 'PERMANENT',
   NOW() - interval '3 years', 'ACTIVE'),
  ('80000000-0002-0003-0000-000000000000',
   '70000000-0002-0003-0000-000000000000',
   '50000000-0000-0000-0002-000000000000',
   encode(hmac('TESTPAN_ORG02_EMP003', 'dev_secret', 'sha256'), 'hex'),
   'DEVPAN02003',
   'DEV_ENC_DEK_ORG02_EMP003',
   'ORG02-EMP003',
   'Neha Iyer', 'Tech Lead', 'Finance',
   'L3', 'Mumbai', 'PERMANENT',
   NOW() - interval '4 years', 'ACTIVE'),
  ('80000000-0002-0004-0000-000000000000',
   '70000000-0002-0004-0000-000000000000',
   '50000000-0000-0000-0002-000000000000',
   encode(hmac('TESTPAN_ORG02_EMP004', 'dev_secret', 'sha256'), 'hex'),
   'DEVPAN02004',
   'DEV_ENC_DEK_ORG02_EMP004',
   'ORG02-EMP004',
   'Suresh Reddy', 'Manager', 'HR',
   'L4', 'Mumbai', 'PERMANENT',
   NOW() - interval '1 years', 'ACTIVE'),
  ('80000000-0002-0005-0000-000000000000',
   '70000000-0002-0005-0000-000000000000',
   '50000000-0000-0000-0002-000000000000',
   encode(hmac('TESTPAN_ORG02_EMP005', 'dev_secret', 'sha256'), 'hex'),
   'DEVPAN02005',
   'DEV_ENC_DEK_ORG02_EMP005',
   'ORG02-EMP005',
   'Neha Reddy', 'Senior Manager', 'Operations',
   'L5', 'Mumbai', 'PERMANENT',
   NOW() - interval '2 years', 'ACTIVE'),
  ('80000000-0002-0006-0000-000000000000',
   '70000000-0002-0006-0000-000000000000',
   '50000000-0000-0000-0002-000000000000',
   encode(hmac('TESTPAN_ORG02_EMP006', 'dev_secret', 'sha256'), 'hex'),
   'DEVPAN02006',
   'DEV_ENC_DEK_ORG02_EMP006',
   'ORG02-EMP006',
   'Neha Sharma', 'Director', 'Sales',
   'L6', 'Mumbai', 'PERMANENT',
   NOW() - interval '3 years', 'ACTIVE'),
  ('80000000-0002-0007-0000-000000000000',
   '70000000-0002-0007-0000-000000000000',
   '50000000-0000-0000-0002-000000000000',
   encode(hmac('TESTPAN_ORG02_EMP007', 'dev_secret', 'sha256'), 'hex'),
   'DEVPAN02007',
   'DEV_ENC_DEK_ORG02_EMP007',
   'ORG02-EMP007',
   'Kavya Sinha', 'Analyst', 'Marketing',
   'L1', 'Mumbai', 'PERMANENT',
   NOW() - interval '4 years', 'ACTIVE'),
  ('80000000-0002-0008-0000-000000000000',
   '70000000-0002-0008-0000-000000000000',
   '50000000-0000-0000-0002-000000000000',
   encode(hmac('TESTPAN_ORG02_EMP008', 'dev_secret', 'sha256'), 'hex'),
   'DEVPAN02008',
   'DEV_ENC_DEK_ORG02_EMP008',
   'ORG02-EMP008',
   'Amit Mishra', 'Senior Analyst', 'Legal',
   'L2', 'Mumbai', 'PERMANENT',
   NOW() - interval '1 years', 'ACTIVE'),
  ('80000000-0002-0009-0000-000000000000',
   '70000000-0002-0009-0000-000000000000',
   '50000000-0000-0000-0002-000000000000',
   encode(hmac('TESTPAN_ORG02_EMP009', 'dev_secret', 'sha256'), 'hex'),
   'DEVPAN02009',
   'DEV_ENC_DEK_ORG02_EMP009',
   'ORG02-EMP009',
   'Amit Kapoor', 'Consultant', 'Design',
   'L3', 'Mumbai', 'PERMANENT',
   NOW() - interval '2 years', 'ACTIVE'),
  ('80000000-0002-0010-0000-000000000000',
   '70000000-0002-0010-0000-000000000000',
   '50000000-0000-0000-0002-000000000000',
   encode(hmac('TESTPAN_ORG02_EMP010', 'dev_secret', 'sha256'), 'hex'),
   'DEVPAN02010',
   'DEV_ENC_DEK_ORG02_EMP010',
   'ORG02-EMP010',
   'Saurabh Gupta', 'Associate', 'Data Science',
   'L4', 'Mumbai', 'PERMANENT',
   NOW() - interval '3 years', 'ACTIVE'),
  ('80000000-0003-0001-0000-000000000000',
   '70000000-0003-0001-0000-000000000000',
   '50000000-0000-0000-0003-000000000000',
   encode(hmac('TESTPAN_ORG03_EMP001', 'dev_secret', 'sha256'), 'hex'),
   'DEVPAN03001',
   'DEV_ENC_DEK_ORG03_EMP001',
   'ORG03-EMP001',
   'Sneha Gupta', 'Software Engineer', 'Engineering',
   'L1', 'Pune', 'PERMANENT',
   NOW() - interval '2 years', 'ACTIVE'),
  ('80000000-0003-0002-0000-000000000000',
   '70000000-0003-0002-0000-000000000000',
   '50000000-0000-0000-0003-000000000000',
   encode(hmac('TESTPAN_ORG03_EMP002', 'dev_secret', 'sha256'), 'hex'),
   'DEVPAN03002',
   'DEV_ENC_DEK_ORG03_EMP002',
   'ORG03-EMP002',
   'Gaurav Joshi', 'Senior Engineer', 'Product',
   'L2', 'Pune', 'PERMANENT',
   NOW() - interval '3 years', 'ACTIVE'),
  ('80000000-0003-0003-0000-000000000000',
   '70000000-0003-0003-0000-000000000000',
   '50000000-0000-0000-0003-000000000000',
   encode(hmac('TESTPAN_ORG03_EMP003', 'dev_secret', 'sha256'), 'hex'),
   'DEVPAN03003',
   'DEV_ENC_DEK_ORG03_EMP003',
   'ORG03-EMP003',
   'Tanvi Rao', 'Tech Lead', 'Finance',
   'L3', 'Pune', 'PERMANENT',
   NOW() - interval '4 years', 'ACTIVE'),
  ('80000000-0003-0004-0000-000000000000',
   '70000000-0003-0004-0000-000000000000',
   '50000000-0000-0000-0003-000000000000',
   encode(hmac('TESTPAN_ORG03_EMP004', 'dev_secret', 'sha256'), 'hex'),
   'DEVPAN03004',
   'DEV_ENC_DEK_ORG03_EMP004',
   'ORG03-EMP004',
   'Anjali Gupta', 'Manager', 'HR',
   'L4', 'Pune', 'PERMANENT',
   NOW() - interval '1 years', 'ACTIVE'),
  ('80000000-0003-0005-0000-000000000000',
   '70000000-0003-0005-0000-000000000000',
   '50000000-0000-0000-0003-000000000000',
   encode(hmac('TESTPAN_ORG03_EMP005', 'dev_secret', 'sha256'), 'hex'),
   'DEVPAN03005',
   'DEV_ENC_DEK_ORG03_EMP005',
   'ORG03-EMP005',
   'Sneha Verma', 'Senior Manager', 'Operations',
   'L5', 'Pune', 'PERMANENT',
   NOW() - interval '2 years', 'ACTIVE'),
  ('80000000-0003-0006-0000-000000000000',
   '70000000-0003-0006-0000-000000000000',
   '50000000-0000-0000-0003-000000000000',
   encode(hmac('TESTPAN_ORG03_EMP006', 'dev_secret', 'sha256'), 'hex'),
   'DEVPAN03006',
   'DEV_ENC_DEK_ORG03_EMP006',
   'ORG03-EMP006',
   'Aakash Tiwari', 'Director', 'Sales',
   'L6', 'Pune', 'PERMANENT',
   NOW() - interval '3 years', 'ACTIVE'),
  ('80000000-0003-0007-0000-000000000000',
   '70000000-0003-0007-0000-000000000000',
   '50000000-0000-0000-0003-000000000000',
   encode(hmac('TESTPAN_ORG03_EMP007', 'dev_secret', 'sha256'), 'hex'),
   'DEVPAN03007',
   'DEV_ENC_DEK_ORG03_EMP007',
   'ORG03-EMP007',
   'Varun Kapoor', 'Analyst', 'Marketing',
   'L1', 'Pune', 'PERMANENT',
   NOW() - interval '4 years', 'ACTIVE'),
  ('80000000-0003-0008-0000-000000000000',
   '70000000-0003-0008-0000-000000000000',
   '50000000-0000-0000-0003-000000000000',
   encode(hmac('TESTPAN_ORG03_EMP008', 'dev_secret', 'sha256'), 'hex'),
   'DEVPAN03008',
   'DEV_ENC_DEK_ORG03_EMP008',
   'ORG03-EMP008',
   'Varun Patel', 'Senior Analyst', 'Legal',
   'L2', 'Pune', 'PERMANENT',
   NOW() - interval '1 years', 'ACTIVE'),
  ('80000000-0003-0009-0000-000000000000',
   '70000000-0003-0009-0000-000000000000',
   '50000000-0000-0000-0003-000000000000',
   encode(hmac('TESTPAN_ORG03_EMP009', 'dev_secret', 'sha256'), 'hex'),
   'DEVPAN03009',
   'DEV_ENC_DEK_ORG03_EMP009',
   'ORG03-EMP009',
   'Sandeep Mehta', 'Consultant', 'Design',
   'L3', 'Pune', 'PERMANENT',
   NOW() - interval '2 years', 'ACTIVE'),
  ('80000000-0003-0010-0000-000000000000',
   '70000000-0003-0010-0000-000000000000',
   '50000000-0000-0000-0003-000000000000',
   encode(hmac('TESTPAN_ORG03_EMP010', 'dev_secret', 'sha256'), 'hex'),
   'DEVPAN03010',
   'DEV_ENC_DEK_ORG03_EMP010',
   'ORG03-EMP010',
   'Neha Desai', 'Associate', 'Data Science',
   'L4', 'Pune', 'PERMANENT',
   NOW() - interval '3 years', 'ACTIVE'),
  ('80000000-0004-0001-0000-000000000000',
   '70000000-0004-0001-0000-000000000000',
   '50000000-0000-0000-0004-000000000000',
   encode(hmac('TESTPAN_ORG04_EMP001', 'dev_secret', 'sha256'), 'hex'),
   'DEVPAN04001',
   'DEV_ENC_DEK_ORG04_EMP001',
   'ORG04-EMP001',
   'Tanvi Kumar', 'Software Engineer', 'Engineering',
   'L1', 'Hyderabad', 'PERMANENT',
   NOW() - interval '2 years', 'ACTIVE'),
  ('80000000-0004-0002-0000-000000000000',
   '70000000-0004-0002-0000-000000000000',
   '50000000-0000-0000-0004-000000000000',
   encode(hmac('TESTPAN_ORG04_EMP002', 'dev_secret', 'sha256'), 'hex'),
   'DEVPAN04002',
   'DEV_ENC_DEK_ORG04_EMP002',
   'ORG04-EMP002',
   'Rohan Gupta', 'Senior Engineer', 'Product',
   'L2', 'Hyderabad', 'PERMANENT',
   NOW() - interval '3 years', 'ACTIVE'),
  ('80000000-0004-0003-0000-000000000000',
   '70000000-0004-0003-0000-000000000000',
   '50000000-0000-0000-0004-000000000000',
   encode(hmac('TESTPAN_ORG04_EMP003', 'dev_secret', 'sha256'), 'hex'),
   'DEVPAN04003',
   'DEV_ENC_DEK_ORG04_EMP003',
   'ORG04-EMP003',
   'Ananya Verma', 'Tech Lead', 'Finance',
   'L3', 'Hyderabad', 'PERMANENT',
   NOW() - interval '4 years', 'ACTIVE'),
  ('80000000-0004-0004-0000-000000000000',
   '70000000-0004-0004-0000-000000000000',
   '50000000-0000-0000-0004-000000000000',
   encode(hmac('TESTPAN_ORG04_EMP004', 'dev_secret', 'sha256'), 'hex'),
   'DEVPAN04004',
   'DEV_ENC_DEK_ORG04_EMP004',
   'ORG04-EMP004',
   'Suresh Nair', 'Manager', 'HR',
   'L4', 'Hyderabad', 'PERMANENT',
   NOW() - interval '1 years', 'ACTIVE'),
  ('80000000-0004-0005-0000-000000000000',
   '70000000-0004-0005-0000-000000000000',
   '50000000-0000-0000-0004-000000000000',
   encode(hmac('TESTPAN_ORG04_EMP005', 'dev_secret', 'sha256'), 'hex'),
   'DEVPAN04005',
   'DEV_ENC_DEK_ORG04_EMP005',
   'ORG04-EMP005',
   'Isha Rao', 'Senior Manager', 'Operations',
   'L5', 'Hyderabad', 'PERMANENT',
   NOW() - interval '2 years', 'ACTIVE'),
  ('80000000-0004-0006-0000-000000000000',
   '70000000-0004-0006-0000-000000000000',
   '50000000-0000-0000-0004-000000000000',
   encode(hmac('TESTPAN_ORG04_EMP006', 'dev_secret', 'sha256'), 'hex'),
   'DEVPAN04006',
   'DEV_ENC_DEK_ORG04_EMP006',
   'ORG04-EMP006',
   'Deepak Sinha', 'Director', 'Sales',
   'L6', 'Hyderabad', 'PERMANENT',
   NOW() - interval '3 years', 'ACTIVE'),
  ('80000000-0004-0007-0000-000000000000',
   '70000000-0004-0007-0000-000000000000',
   '50000000-0000-0000-0004-000000000000',
   encode(hmac('TESTPAN_ORG04_EMP007', 'dev_secret', 'sha256'), 'hex'),
   'DEVPAN04007',
   'DEV_ENC_DEK_ORG04_EMP007',
   'ORG04-EMP007',
   'Deepak Joshi', 'Analyst', 'Marketing',
   'L1', 'Hyderabad', 'PERMANENT',
   NOW() - interval '4 years', 'ACTIVE'),
  ('80000000-0004-0008-0000-000000000000',
   '70000000-0004-0008-0000-000000000000',
   '50000000-0000-0000-0004-000000000000',
   encode(hmac('TESTPAN_ORG04_EMP008', 'dev_secret', 'sha256'), 'hex'),
   'DEVPAN04008',
   'DEV_ENC_DEK_ORG04_EMP008',
   'ORG04-EMP008',
   'Deepak Reddy', 'Senior Analyst', 'Legal',
   'L2', 'Hyderabad', 'PERMANENT',
   NOW() - interval '1 years', 'ACTIVE'),
  ('80000000-0004-0009-0000-000000000000',
   '70000000-0004-0009-0000-000000000000',
   '50000000-0000-0000-0004-000000000000',
   encode(hmac('TESTPAN_ORG04_EMP009', 'dev_secret', 'sha256'), 'hex'),
   'DEVPAN04009',
   'DEV_ENC_DEK_ORG04_EMP009',
   'ORG04-EMP009',
   'Divya Sinha', 'Consultant', 'Design',
   'L3', 'Hyderabad', 'PERMANENT',
   NOW() - interval '2 years', 'ACTIVE'),
  ('80000000-0004-0010-0000-000000000000',
   '70000000-0004-0010-0000-000000000000',
   '50000000-0000-0000-0004-000000000000',
   encode(hmac('TESTPAN_ORG04_EMP010', 'dev_secret', 'sha256'), 'hex'),
   'DEVPAN04010',
   'DEV_ENC_DEK_ORG04_EMP010',
   'ORG04-EMP010',
   'Aakash Gupta', 'Associate', 'Data Science',
   'L4', 'Hyderabad', 'PERMANENT',
   NOW() - interval '3 years', 'ACTIVE'),
  ('80000000-0005-0001-0000-000000000000',
   '70000000-0005-0001-0000-000000000000',
   '50000000-0000-0000-0005-000000000000',
   encode(hmac('TESTPAN_ORG05_EMP001', 'dev_secret', 'sha256'), 'hex'),
   'DEVPAN05001',
   'DEV_ENC_DEK_ORG05_EMP001',
   'ORG05-EMP001',
   'Preeti Pillai', 'Software Engineer', 'Engineering',
   'L1', 'Chennai', 'PERMANENT',
   NOW() - interval '2 years', 'ACTIVE'),
  ('80000000-0005-0002-0000-000000000000',
   '70000000-0005-0002-0000-000000000000',
   '50000000-0000-0000-0005-000000000000',
   encode(hmac('TESTPAN_ORG05_EMP002', 'dev_secret', 'sha256'), 'hex'),
   'DEVPAN05002',
   'DEV_ENC_DEK_ORG05_EMP002',
   'ORG05-EMP002',
   'Arjun Chopra', 'Senior Engineer', 'Product',
   'L2', 'Chennai', 'PERMANENT',
   NOW() - interval '3 years', 'ACTIVE'),
  ('80000000-0005-0003-0000-000000000000',
   '70000000-0005-0003-0000-000000000000',
   '50000000-0000-0000-0005-000000000000',
   encode(hmac('TESTPAN_ORG05_EMP003', 'dev_secret', 'sha256'), 'hex'),
   'DEVPAN05003',
   'DEV_ENC_DEK_ORG05_EMP003',
   'ORG05-EMP003',
   'Karan Rao', 'Tech Lead', 'Finance',
   'L3', 'Chennai', 'PERMANENT',
   NOW() - interval '4 years', 'ACTIVE'),
  ('80000000-0005-0004-0000-000000000000',
   '70000000-0005-0004-0000-000000000000',
   '50000000-0000-0000-0005-000000000000',
   encode(hmac('TESTPAN_ORG05_EMP004', 'dev_secret', 'sha256'), 'hex'),
   'DEVPAN05004',
   'DEV_ENC_DEK_ORG05_EMP004',
   'ORG05-EMP004',
   'Isha Sharma', 'Manager', 'HR',
   'L4', 'Chennai', 'PERMANENT',
   NOW() - interval '1 years', 'ACTIVE'),
  ('80000000-0005-0005-0000-000000000000',
   '70000000-0005-0005-0000-000000000000',
   '50000000-0000-0000-0005-000000000000',
   encode(hmac('TESTPAN_ORG05_EMP005', 'dev_secret', 'sha256'), 'hex'),
   'DEVPAN05005',
   'DEV_ENC_DEK_ORG05_EMP005',
   'ORG05-EMP005',
   'Ritu Reddy', 'Senior Manager', 'Operations',
   'L5', 'Chennai', 'PERMANENT',
   NOW() - interval '2 years', 'ACTIVE'),
  ('80000000-0005-0006-0000-000000000000',
   '70000000-0005-0006-0000-000000000000',
   '50000000-0000-0000-0005-000000000000',
   encode(hmac('TESTPAN_ORG05_EMP006', 'dev_secret', 'sha256'), 'hex'),
   'DEVPAN05006',
   'DEV_ENC_DEK_ORG05_EMP006',
   'ORG05-EMP006',
   'Saurabh Menon', 'Director', 'Sales',
   'L6', 'Chennai', 'PERMANENT',
   NOW() - interval '3 years', 'ACTIVE'),
  ('80000000-0005-0007-0000-000000000000',
   '70000000-0005-0007-0000-000000000000',
   '50000000-0000-0000-0005-000000000000',
   encode(hmac('TESTPAN_ORG05_EMP007', 'dev_secret', 'sha256'), 'hex'),
   'DEVPAN05007',
   'DEV_ENC_DEK_ORG05_EMP007',
   'ORG05-EMP007',
   'Varun Tiwari', 'Analyst', 'Marketing',
   'L1', 'Chennai', 'PERMANENT',
   NOW() - interval '4 years', 'ACTIVE'),
  ('80000000-0005-0008-0000-000000000000',
   '70000000-0005-0008-0000-000000000000',
   '50000000-0000-0000-0005-000000000000',
   encode(hmac('TESTPAN_ORG05_EMP008', 'dev_secret', 'sha256'), 'hex'),
   'DEVPAN05008',
   'DEV_ENC_DEK_ORG05_EMP008',
   'ORG05-EMP008',
   'Jyoti Bose', 'Senior Analyst', 'Legal',
   'L2', 'Chennai', 'PERMANENT',
   NOW() - interval '1 years', 'ACTIVE'),
  ('80000000-0005-0009-0000-000000000000',
   '70000000-0005-0009-0000-000000000000',
   '50000000-0000-0000-0005-000000000000',
   encode(hmac('TESTPAN_ORG05_EMP009', 'dev_secret', 'sha256'), 'hex'),
   'DEVPAN05009',
   'DEV_ENC_DEK_ORG05_EMP009',
   'ORG05-EMP009',
   'Sandeep Kapoor', 'Consultant', 'Design',
   'L3', 'Chennai', 'PERMANENT',
   NOW() - interval '2 years', 'ACTIVE'),
  ('80000000-0005-0010-0000-000000000000',
   '70000000-0005-0010-0000-000000000000',
   '50000000-0000-0000-0005-000000000000',
   encode(hmac('TESTPAN_ORG05_EMP010', 'dev_secret', 'sha256'), 'hex'),
   'DEVPAN05010',
   'DEV_ENC_DEK_ORG05_EMP010',
   'ORG05-EMP010',
   'Preeti Bose', 'Associate', 'Data Science',
   'L4', 'Chennai', 'PERMANENT',
   NOW() - interval '3 years', 'ACTIVE'),
  ('80000000-0006-0001-0000-000000000000',
   '70000000-0006-0001-0000-000000000000',
   '50000000-0000-0000-0006-000000000000',
   encode(hmac('TESTPAN_ORG06_EMP001', 'dev_secret', 'sha256'), 'hex'),
   'DEVPAN06001',
   'DEV_ENC_DEK_ORG06_EMP001',
   'ORG06-EMP001',
   'Sneha Nair', 'Software Engineer', 'Engineering',
   'L1', 'Delhi', 'PERMANENT',
   NOW() - interval '2 years', 'ACTIVE'),
  ('80000000-0006-0002-0000-000000000000',
   '70000000-0006-0002-0000-000000000000',
   '50000000-0000-0000-0006-000000000000',
   encode(hmac('TESTPAN_ORG06_EMP002', 'dev_secret', 'sha256'), 'hex'),
   'DEVPAN06002',
   'DEV_ENC_DEK_ORG06_EMP002',
   'ORG06-EMP002',
   'Saurabh Joshi', 'Senior Engineer', 'Product',
   'L2', 'Delhi', 'PERMANENT',
   NOW() - interval '3 years', 'ACTIVE'),
  ('80000000-0006-0003-0000-000000000000',
   '70000000-0006-0003-0000-000000000000',
   '50000000-0000-0000-0006-000000000000',
   encode(hmac('TESTPAN_ORG06_EMP003', 'dev_secret', 'sha256'), 'hex'),
   'DEVPAN06003',
   'DEV_ENC_DEK_ORG06_EMP003',
   'ORG06-EMP003',
   'Ankur Sharma', 'Tech Lead', 'Finance',
   'L3', 'Delhi', 'PERMANENT',
   NOW() - interval '4 years', 'ACTIVE'),
  ('80000000-0006-0004-0000-000000000000',
   '70000000-0006-0004-0000-000000000000',
   '50000000-0000-0000-0006-000000000000',
   encode(hmac('TESTPAN_ORG06_EMP004', 'dev_secret', 'sha256'), 'hex'),
   'DEVPAN06004',
   'DEV_ENC_DEK_ORG06_EMP004',
   'ORG06-EMP004',
   'Rahul Tiwari', 'Manager', 'HR',
   'L4', 'Delhi', 'PERMANENT',
   NOW() - interval '1 years', 'ACTIVE'),
  ('80000000-0006-0005-0000-000000000000',
   '70000000-0006-0005-0000-000000000000',
   '50000000-0000-0000-0006-000000000000',
   encode(hmac('TESTPAN_ORG06_EMP005', 'dev_secret', 'sha256'), 'hex'),
   'DEVPAN06005',
   'DEV_ENC_DEK_ORG06_EMP005',
   'ORG06-EMP005',
   'Ritu Singh', 'Senior Manager', 'Operations',
   'L5', 'Delhi', 'PERMANENT',
   NOW() - interval '2 years', 'ACTIVE'),
  ('80000000-0006-0006-0000-000000000000',
   '70000000-0006-0006-0000-000000000000',
   '50000000-0000-0000-0006-000000000000',
   encode(hmac('TESTPAN_ORG06_EMP006', 'dev_secret', 'sha256'), 'hex'),
   'DEVPAN06006',
   'DEV_ENC_DEK_ORG06_EMP006',
   'ORG06-EMP006',
   'Neha Verma', 'Director', 'Sales',
   'L6', 'Delhi', 'PERMANENT',
   NOW() - interval '3 years', 'ACTIVE'),
  ('80000000-0006-0007-0000-000000000000',
   '70000000-0006-0007-0000-000000000000',
   '50000000-0000-0000-0006-000000000000',
   encode(hmac('TESTPAN_ORG06_EMP007', 'dev_secret', 'sha256'), 'hex'),
   'DEVPAN06007',
   'DEV_ENC_DEK_ORG06_EMP007',
   'ORG06-EMP007',
   'Vivek Shah', 'Analyst', 'Marketing',
   'L1', 'Delhi', 'PERMANENT',
   NOW() - interval '4 years', 'ACTIVE'),
  ('80000000-0006-0008-0000-000000000000',
   '70000000-0006-0008-0000-000000000000',
   '50000000-0000-0000-0006-000000000000',
   encode(hmac('TESTPAN_ORG06_EMP008', 'dev_secret', 'sha256'), 'hex'),
   'DEVPAN06008',
   'DEV_ENC_DEK_ORG06_EMP008',
   'ORG06-EMP008',
   'Sonal Kapoor', 'Senior Analyst', 'Legal',
   'L2', 'Delhi', 'PERMANENT',
   NOW() - interval '1 years', 'ACTIVE'),
  ('80000000-0006-0009-0000-000000000000',
   '70000000-0006-0009-0000-000000000000',
   '50000000-0000-0000-0006-000000000000',
   encode(hmac('TESTPAN_ORG06_EMP009', 'dev_secret', 'sha256'), 'hex'),
   'DEVPAN06009',
   'DEV_ENC_DEK_ORG06_EMP009',
   'ORG06-EMP009',
   'Isha Pillai', 'Consultant', 'Design',
   'L3', 'Delhi', 'PERMANENT',
   NOW() - interval '2 years', 'ACTIVE'),
  ('80000000-0006-0010-0000-000000000000',
   '70000000-0006-0010-0000-000000000000',
   '50000000-0000-0000-0006-000000000000',
   encode(hmac('TESTPAN_ORG06_EMP010', 'dev_secret', 'sha256'), 'hex'),
   'DEVPAN06010',
   'DEV_ENC_DEK_ORG06_EMP010',
   'ORG06-EMP010',
   'Sandeep Mishra', 'Associate', 'Data Science',
   'L4', 'Delhi', 'PERMANENT',
   NOW() - interval '3 years', 'ACTIVE'),
  ('80000000-0007-0001-0000-000000000000',
   '70000000-0007-0001-0000-000000000000',
   '50000000-0000-0000-0007-000000000000',
   encode(hmac('TESTPAN_ORG07_EMP001', 'dev_secret', 'sha256'), 'hex'),
   'DEVPAN07001',
   'DEV_ENC_DEK_ORG07_EMP001',
   'ORG07-EMP001',
   'Arjun Singh', 'Software Engineer', 'Engineering',
   'L1', 'Mumbai', 'PERMANENT',
   NOW() - interval '2 years', 'ACTIVE'),
  ('80000000-0007-0002-0000-000000000000',
   '70000000-0007-0002-0000-000000000000',
   '50000000-0000-0000-0007-000000000000',
   encode(hmac('TESTPAN_ORG07_EMP002', 'dev_secret', 'sha256'), 'hex'),
   'DEVPAN07002',
   'DEV_ENC_DEK_ORG07_EMP002',
   'ORG07-EMP002',
   'Arjun Kapoor', 'Senior Engineer', 'Product',
   'L2', 'Mumbai', 'PERMANENT',
   NOW() - interval '3 years', 'ACTIVE'),
  ('80000000-0007-0003-0000-000000000000',
   '70000000-0007-0003-0000-000000000000',
   '50000000-0000-0000-0007-000000000000',
   encode(hmac('TESTPAN_ORG07_EMP003', 'dev_secret', 'sha256'), 'hex'),
   'DEVPAN07003',
   'DEV_ENC_DEK_ORG07_EMP003',
   'ORG07-EMP003',
   'Vikram Menon', 'Tech Lead', 'Finance',
   'L3', 'Mumbai', 'PERMANENT',
   NOW() - interval '4 years', 'ACTIVE'),
  ('80000000-0007-0004-0000-000000000000',
   '70000000-0007-0004-0000-000000000000',
   '50000000-0000-0000-0007-000000000000',
   encode(hmac('TESTPAN_ORG07_EMP004', 'dev_secret', 'sha256'), 'hex'),
   'DEVPAN07004',
   'DEV_ENC_DEK_ORG07_EMP004',
   'ORG07-EMP004',
   'Jyoti Nair', 'Manager', 'HR',
   'L4', 'Mumbai', 'PERMANENT',
   NOW() - interval '1 years', 'ACTIVE'),
  ('80000000-0007-0005-0000-000000000000',
   '70000000-0007-0005-0000-000000000000',
   '50000000-0000-0000-0007-000000000000',
   encode(hmac('TESTPAN_ORG07_EMP005', 'dev_secret', 'sha256'), 'hex'),
   'DEVPAN07005',
   'DEV_ENC_DEK_ORG07_EMP005',
   'ORG07-EMP005',
   'Simran Joshi', 'Senior Manager', 'Operations',
   'L5', 'Mumbai', 'PERMANENT',
   NOW() - interval '2 years', 'ACTIVE'),
  ('80000000-0007-0006-0000-000000000000',
   '70000000-0007-0006-0000-000000000000',
   '50000000-0000-0000-0007-000000000000',
   encode(hmac('TESTPAN_ORG07_EMP006', 'dev_secret', 'sha256'), 'hex'),
   'DEVPAN07006',
   'DEV_ENC_DEK_ORG07_EMP006',
   'ORG07-EMP006',
   'Sandeep Iyer', 'Director', 'Sales',
   'L6', 'Mumbai', 'PERMANENT',
   NOW() - interval '3 years', 'ACTIVE'),
  ('80000000-0007-0007-0000-000000000000',
   '70000000-0007-0007-0000-000000000000',
   '50000000-0000-0000-0007-000000000000',
   encode(hmac('TESTPAN_ORG07_EMP007', 'dev_secret', 'sha256'), 'hex'),
   'DEVPAN07007',
   'DEV_ENC_DEK_ORG07_EMP007',
   'ORG07-EMP007',
   'Rajesh Menon', 'Analyst', 'Marketing',
   'L1', 'Mumbai', 'PERMANENT',
   NOW() - interval '4 years', 'ACTIVE'),
  ('80000000-0007-0008-0000-000000000000',
   '70000000-0007-0008-0000-000000000000',
   '50000000-0000-0000-0007-000000000000',
   encode(hmac('TESTPAN_ORG07_EMP008', 'dev_secret', 'sha256'), 'hex'),
   'DEVPAN07008',
   'DEV_ENC_DEK_ORG07_EMP008',
   'ORG07-EMP008',
   'Vikram Kapoor', 'Senior Analyst', 'Legal',
   'L2', 'Mumbai', 'PERMANENT',
   NOW() - interval '1 years', 'ACTIVE'),
  ('80000000-0007-0009-0000-000000000000',
   '70000000-0007-0009-0000-000000000000',
   '50000000-0000-0000-0007-000000000000',
   encode(hmac('TESTPAN_ORG07_EMP009', 'dev_secret', 'sha256'), 'hex'),
   'DEVPAN07009',
   'DEV_ENC_DEK_ORG07_EMP009',
   'ORG07-EMP009',
   'Nikhil Bose', 'Consultant', 'Design',
   'L3', 'Mumbai', 'PERMANENT',
   NOW() - interval '2 years', 'ACTIVE'),
  ('80000000-0007-0010-0000-000000000000',
   '70000000-0007-0010-0000-000000000000',
   '50000000-0000-0000-0007-000000000000',
   encode(hmac('TESTPAN_ORG07_EMP010', 'dev_secret', 'sha256'), 'hex'),
   'DEVPAN07010',
   'DEV_ENC_DEK_ORG07_EMP010',
   'ORG07-EMP010',
   'Mohit Agarwal', 'Associate', 'Data Science',
   'L4', 'Mumbai', 'PERMANENT',
   NOW() - interval '3 years', 'ACTIVE'),
  ('80000000-0008-0001-0000-000000000000',
   '70000000-0008-0001-0000-000000000000',
   '50000000-0000-0000-0008-000000000000',
   encode(hmac('TESTPAN_ORG08_EMP001', 'dev_secret', 'sha256'), 'hex'),
   'DEVPAN08001',
   'DEV_ENC_DEK_ORG08_EMP001',
   'ORG08-EMP001',
   'Suresh Agarwal', 'Software Engineer', 'Engineering',
   'L1', 'Kolkata', 'PERMANENT',
   NOW() - interval '2 years', 'ACTIVE'),
  ('80000000-0008-0002-0000-000000000000',
   '70000000-0008-0002-0000-000000000000',
   '50000000-0000-0000-0008-000000000000',
   encode(hmac('TESTPAN_ORG08_EMP002', 'dev_secret', 'sha256'), 'hex'),
   'DEVPAN08002',
   'DEV_ENC_DEK_ORG08_EMP002',
   'ORG08-EMP002',
   'Kavya Shah', 'Senior Engineer', 'Product',
   'L2', 'Kolkata', 'PERMANENT',
   NOW() - interval '3 years', 'ACTIVE'),
  ('80000000-0008-0003-0000-000000000000',
   '70000000-0008-0003-0000-000000000000',
   '50000000-0000-0000-0008-000000000000',
   encode(hmac('TESTPAN_ORG08_EMP003', 'dev_secret', 'sha256'), 'hex'),
   'DEVPAN08003',
   'DEV_ENC_DEK_ORG08_EMP003',
   'ORG08-EMP003',
   'Tanvi Desai', 'Tech Lead', 'Finance',
   'L3', 'Kolkata', 'PERMANENT',
   NOW() - interval '4 years', 'ACTIVE'),
  ('80000000-0008-0004-0000-000000000000',
   '70000000-0008-0004-0000-000000000000',
   '50000000-0000-0000-0008-000000000000',
   encode(hmac('TESTPAN_ORG08_EMP004', 'dev_secret', 'sha256'), 'hex'),
   'DEVPAN08004',
   'DEV_ENC_DEK_ORG08_EMP004',
   'ORG08-EMP004',
   'Pooja Bose', 'Manager', 'HR',
   'L4', 'Kolkata', 'PERMANENT',
   NOW() - interval '1 years', 'ACTIVE'),
  ('80000000-0008-0005-0000-000000000000',
   '70000000-0008-0005-0000-000000000000',
   '50000000-0000-0000-0008-000000000000',
   encode(hmac('TESTPAN_ORG08_EMP005', 'dev_secret', 'sha256'), 'hex'),
   'DEVPAN08005',
   'DEV_ENC_DEK_ORG08_EMP005',
   'ORG08-EMP005',
   'Riya Mishra', 'Senior Manager', 'Operations',
   'L5', 'Kolkata', 'PERMANENT',
   NOW() - interval '2 years', 'ACTIVE'),
  ('80000000-0008-0006-0000-000000000000',
   '70000000-0008-0006-0000-000000000000',
   '50000000-0000-0000-0008-000000000000',
   encode(hmac('TESTPAN_ORG08_EMP006', 'dev_secret', 'sha256'), 'hex'),
   'DEVPAN08006',
   'DEV_ENC_DEK_ORG08_EMP006',
   'ORG08-EMP006',
   'Pranav Sharma', 'Director', 'Sales',
   'L6', 'Kolkata', 'PERMANENT',
   NOW() - interval '3 years', 'ACTIVE'),
  ('80000000-0008-0007-0000-000000000000',
   '70000000-0008-0007-0000-000000000000',
   '50000000-0000-0000-0008-000000000000',
   encode(hmac('TESTPAN_ORG08_EMP007', 'dev_secret', 'sha256'), 'hex'),
   'DEVPAN08007',
   'DEV_ENC_DEK_ORG08_EMP007',
   'ORG08-EMP007',
   'Rahul Nair', 'Analyst', 'Marketing',
   'L1', 'Kolkata', 'PERMANENT',
   NOW() - interval '4 years', 'ACTIVE'),
  ('80000000-0008-0008-0000-000000000000',
   '70000000-0008-0008-0000-000000000000',
   '50000000-0000-0000-0008-000000000000',
   encode(hmac('TESTPAN_ORG08_EMP008', 'dev_secret', 'sha256'), 'hex'),
   'DEVPAN08008',
   'DEV_ENC_DEK_ORG08_EMP008',
   'ORG08-EMP008',
   'Tanvi Iyer', 'Senior Analyst', 'Legal',
   'L2', 'Kolkata', 'PERMANENT',
   NOW() - interval '1 years', 'ACTIVE'),
  ('80000000-0008-0009-0000-000000000000',
   '70000000-0008-0009-0000-000000000000',
   '50000000-0000-0000-0008-000000000000',
   encode(hmac('TESTPAN_ORG08_EMP009', 'dev_secret', 'sha256'), 'hex'),
   'DEVPAN08009',
   'DEV_ENC_DEK_ORG08_EMP009',
   'ORG08-EMP009',
   'Deepak Mehta', 'Consultant', 'Design',
   'L3', 'Kolkata', 'PERMANENT',
   NOW() - interval '2 years', 'ACTIVE'),
  ('80000000-0008-0010-0000-000000000000',
   '70000000-0008-0010-0000-000000000000',
   '50000000-0000-0000-0008-000000000000',
   encode(hmac('TESTPAN_ORG08_EMP010', 'dev_secret', 'sha256'), 'hex'),
   'DEVPAN08010',
   'DEV_ENC_DEK_ORG08_EMP010',
   'ORG08-EMP010',
   'Nikhil Rao', 'Associate', 'Data Science',
   'L4', 'Kolkata', 'PERMANENT',
   NOW() - interval '3 years', 'ACTIVE'),
  ('80000000-0009-0001-0000-000000000000',
   '70000000-0009-0001-0000-000000000000',
   '50000000-0000-0000-0009-000000000000',
   encode(hmac('TESTPAN_ORG09_EMP001', 'dev_secret', 'sha256'), 'hex'),
   'DEVPAN09001',
   'DEV_ENC_DEK_ORG09_EMP001',
   'ORG09-EMP001',
   'Ananya Kumar', 'Software Engineer', 'Engineering',
   'L1', 'Bengaluru', 'PERMANENT',
   NOW() - interval '2 years', 'ACTIVE'),
  ('80000000-0009-0002-0000-000000000000',
   '70000000-0009-0002-0000-000000000000',
   '50000000-0000-0000-0009-000000000000',
   encode(hmac('TESTPAN_ORG09_EMP002', 'dev_secret', 'sha256'), 'hex'),
   'DEVPAN09002',
   'DEV_ENC_DEK_ORG09_EMP002',
   'ORG09-EMP002',
   'Vivek Reddy', 'Senior Engineer', 'Product',
   'L2', 'Bengaluru', 'PERMANENT',
   NOW() - interval '3 years', 'ACTIVE'),
  ('80000000-0009-0003-0000-000000000000',
   '70000000-0009-0003-0000-000000000000',
   '50000000-0000-0000-0009-000000000000',
   encode(hmac('TESTPAN_ORG09_EMP003', 'dev_secret', 'sha256'), 'hex'),
   'DEVPAN09003',
   'DEV_ENC_DEK_ORG09_EMP003',
   'ORG09-EMP003',
   'Shweta Iyer', 'Tech Lead', 'Finance',
   'L3', 'Bengaluru', 'PERMANENT',
   NOW() - interval '4 years', 'ACTIVE'),
  ('80000000-0009-0004-0000-000000000000',
   '70000000-0009-0004-0000-000000000000',
   '50000000-0000-0000-0009-000000000000',
   encode(hmac('TESTPAN_ORG09_EMP004', 'dev_secret', 'sha256'), 'hex'),
   'DEVPAN09004',
   'DEV_ENC_DEK_ORG09_EMP004',
   'ORG09-EMP004',
   'Sonal Verma', 'Manager', 'HR',
   'L4', 'Bengaluru', 'PERMANENT',
   NOW() - interval '1 years', 'ACTIVE'),
  ('80000000-0009-0005-0000-000000000000',
   '70000000-0009-0005-0000-000000000000',
   '50000000-0000-0000-0009-000000000000',
   encode(hmac('TESTPAN_ORG09_EMP005', 'dev_secret', 'sha256'), 'hex'),
   'DEVPAN09005',
   'DEV_ENC_DEK_ORG09_EMP005',
   'ORG09-EMP005',
   'Ananya Sharma', 'Senior Manager', 'Operations',
   'L5', 'Bengaluru', 'PERMANENT',
   NOW() - interval '2 years', 'ACTIVE'),
  ('80000000-0009-0006-0000-000000000000',
   '70000000-0009-0006-0000-000000000000',
   '50000000-0000-0000-0009-000000000000',
   encode(hmac('TESTPAN_ORG09_EMP006', 'dev_secret', 'sha256'), 'hex'),
   'DEVPAN09006',
   'DEV_ENC_DEK_ORG09_EMP006',
   'ORG09-EMP006',
   'Jyoti Tiwari', 'Director', 'Sales',
   'L6', 'Bengaluru', 'PERMANENT',
   NOW() - interval '3 years', 'ACTIVE'),
  ('80000000-0009-0007-0000-000000000000',
   '70000000-0009-0007-0000-000000000000',
   '50000000-0000-0000-0009-000000000000',
   encode(hmac('TESTPAN_ORG09_EMP007', 'dev_secret', 'sha256'), 'hex'),
   'DEVPAN09007',
   'DEV_ENC_DEK_ORG09_EMP007',
   'ORG09-EMP007',
   'Sneha Kapoor', 'Analyst', 'Marketing',
   'L1', 'Bengaluru', 'PERMANENT',
   NOW() - interval '4 years', 'ACTIVE'),
  ('80000000-0009-0008-0000-000000000000',
   '70000000-0009-0008-0000-000000000000',
   '50000000-0000-0000-0009-000000000000',
   encode(hmac('TESTPAN_ORG09_EMP008', 'dev_secret', 'sha256'), 'hex'),
   'DEVPAN09008',
   'DEV_ENC_DEK_ORG09_EMP008',
   'ORG09-EMP008',
   'Tanvi Patel', 'Senior Analyst', 'Legal',
   'L2', 'Bengaluru', 'PERMANENT',
   NOW() - interval '1 years', 'ACTIVE'),
  ('80000000-0009-0009-0000-000000000000',
   '70000000-0009-0009-0000-000000000000',
   '50000000-0000-0000-0009-000000000000',
   encode(hmac('TESTPAN_ORG09_EMP009', 'dev_secret', 'sha256'), 'hex'),
   'DEVPAN09009',
   'DEV_ENC_DEK_ORG09_EMP009',
   'ORG09-EMP009',
   'Ananya Joshi', 'Consultant', 'Design',
   'L3', 'Bengaluru', 'PERMANENT',
   NOW() - interval '2 years', 'ACTIVE'),
  ('80000000-0009-0010-0000-000000000000',
   '70000000-0009-0010-0000-000000000000',
   '50000000-0000-0000-0009-000000000000',
   encode(hmac('TESTPAN_ORG09_EMP010', 'dev_secret', 'sha256'), 'hex'),
   'DEVPAN09010',
   'DEV_ENC_DEK_ORG09_EMP010',
   'ORG09-EMP010',
   'Isha Tiwari', 'Associate', 'Data Science',
   'L4', 'Bengaluru', 'PERMANENT',
   NOW() - interval '3 years', 'ACTIVE'),
  ('80000000-0010-0001-0000-000000000000',
   '70000000-0010-0001-0000-000000000000',
   '50000000-0000-0000-0010-000000000000',
   encode(hmac('TESTPAN_ORG10_EMP001', 'dev_secret', 'sha256'), 'hex'),
   'DEVPAN10001',
   'DEV_ENC_DEK_ORG10_EMP001',
   'ORG10-EMP001',
   'Karan Nair', 'Software Engineer', 'Engineering',
   'L1', 'Nagpur', 'PERMANENT',
   NOW() - interval '2 years', 'ACTIVE'),
  ('80000000-0010-0002-0000-000000000000',
   '70000000-0010-0002-0000-000000000000',
   '50000000-0000-0000-0010-000000000000',
   encode(hmac('TESTPAN_ORG10_EMP002', 'dev_secret', 'sha256'), 'hex'),
   'DEVPAN10002',
   'DEV_ENC_DEK_ORG10_EMP002',
   'ORG10-EMP002',
   'Sandeep Desai', 'Senior Engineer', 'Product',
   'L2', 'Nagpur', 'PERMANENT',
   NOW() - interval '3 years', 'ACTIVE'),
  ('80000000-0010-0003-0000-000000000000',
   '70000000-0010-0003-0000-000000000000',
   '50000000-0000-0000-0010-000000000000',
   encode(hmac('TESTPAN_ORG10_EMP003', 'dev_secret', 'sha256'), 'hex'),
   'DEVPAN10003',
   'DEV_ENC_DEK_ORG10_EMP003',
   'ORG10-EMP003',
   'Arjun Menon', 'Tech Lead', 'Finance',
   'L3', 'Nagpur', 'PERMANENT',
   NOW() - interval '4 years', 'ACTIVE'),
  ('80000000-0010-0004-0000-000000000000',
   '70000000-0010-0004-0000-000000000000',
   '50000000-0000-0000-0010-000000000000',
   encode(hmac('TESTPAN_ORG10_EMP004', 'dev_secret', 'sha256'), 'hex'),
   'DEVPAN10004',
   'DEV_ENC_DEK_ORG10_EMP004',
   'ORG10-EMP004',
   'Shweta Pillai', 'Manager', 'HR',
   'L4', 'Nagpur', 'PERMANENT',
   NOW() - interval '1 years', 'ACTIVE'),
  ('80000000-0010-0005-0000-000000000000',
   '70000000-0010-0005-0000-000000000000',
   '50000000-0000-0000-0010-000000000000',
   encode(hmac('TESTPAN_ORG10_EMP005', 'dev_secret', 'sha256'), 'hex'),
   'DEVPAN10005',
   'DEV_ENC_DEK_ORG10_EMP005',
   'ORG10-EMP005',
   'Sneha Shah', 'Senior Manager', 'Operations',
   'L5', 'Nagpur', 'PERMANENT',
   NOW() - interval '2 years', 'ACTIVE'),
  ('80000000-0010-0006-0000-000000000000',
   '70000000-0010-0006-0000-000000000000',
   '50000000-0000-0000-0010-000000000000',
   encode(hmac('TESTPAN_ORG10_EMP006', 'dev_secret', 'sha256'), 'hex'),
   'DEVPAN10006',
   'DEV_ENC_DEK_ORG10_EMP006',
   'ORG10-EMP006',
   'Divya Kumar', 'Director', 'Sales',
   'L6', 'Nagpur', 'PERMANENT',
   NOW() - interval '3 years', 'ACTIVE'),
  ('80000000-0010-0007-0000-000000000000',
   '70000000-0010-0007-0000-000000000000',
   '50000000-0000-0000-0010-000000000000',
   encode(hmac('TESTPAN_ORG10_EMP007', 'dev_secret', 'sha256'), 'hex'),
   'DEVPAN10007',
   'DEV_ENC_DEK_ORG10_EMP007',
   'ORG10-EMP007',
   'Ritu Bose', 'Analyst', 'Marketing',
   'L1', 'Nagpur', 'PERMANENT',
   NOW() - interval '4 years', 'ACTIVE'),
  ('80000000-0010-0008-0000-000000000000',
   '70000000-0010-0008-0000-000000000000',
   '50000000-0000-0000-0010-000000000000',
   encode(hmac('TESTPAN_ORG10_EMP008', 'dev_secret', 'sha256'), 'hex'),
   'DEVPAN10008',
   'DEV_ENC_DEK_ORG10_EMP008',
   'ORG10-EMP008',
   'Suresh Rao', 'Senior Analyst', 'Legal',
   'L2', 'Nagpur', 'PERMANENT',
   NOW() - interval '1 years', 'ACTIVE'),
  ('80000000-0010-0009-0000-000000000000',
   '70000000-0010-0009-0000-000000000000',
   '50000000-0000-0000-0010-000000000000',
   encode(hmac('TESTPAN_ORG10_EMP009', 'dev_secret', 'sha256'), 'hex'),
   'DEVPAN10009',
   'DEV_ENC_DEK_ORG10_EMP009',
   'ORG10-EMP009',
   'Rajesh Sinha', 'Consultant', 'Design',
   'L3', 'Nagpur', 'PERMANENT',
   NOW() - interval '2 years', 'ACTIVE'),
  ('80000000-0010-0010-0000-000000000000',
   '70000000-0010-0010-0000-000000000000',
   '50000000-0000-0000-0010-000000000000',
   encode(hmac('TESTPAN_ORG10_EMP010', 'dev_secret', 'sha256'), 'hex'),
   'DEVPAN10010',
   'DEV_ENC_DEK_ORG10_EMP010',
   'ORG10-EMP010',
   'Jyoti Iyer', 'Associate', 'Data Science',
   'L4', 'Nagpur', 'PERMANENT',
   NOW() - interval '3 years', 'ACTIVE');

COMMIT;

-- Verify:
-- SELECT COUNT(*) FROM tenant WHERE cin LIKE 'U%111%';  -- expect 10
-- SELECT COUNT(*) FROM oa_user WHERE email LIKE '%@technova.in' OR email LIKE '%@greenfield%';
-- SELECT COUNT(*) FROM employee_user WHERE mobile LIKE '+919000001%' OR mobile LIKE '+919000002%';
